id,keywords
1000,"[{""id"": 100, ""name"": ""monster""}, {""id"": 101, ""name"": ""comedy""}, {""id"": 102, ""name"": ""love""}]"
1001,"[{""id"": 100, ""name"": ""comedy""}, {""id"": 101, ""name"": ""music""}, {""id"": 102, ""name"": ""biography""}, {""id"": 103, ""name"": ""action""}]"
1002,"[{""id"": 100, ""name"": ""drama""}, {""id"": 101, ""name"": ""love""}, {""id"": 102, ""name"": ""sport""}, {""id"": 103, ""name"": ""history""}]"
1003,"[{""id"": 100, ""name"": ""war""}, {""id"": 101, ""name"": ""superhero""}]"
1004,"[{""id"": 100, ""name"": ""martial arts""}, {""id"": 101, ""name"": ""adventure""}, {""id"": 102, ""name"": ""friendship""}, {""id"": 103, ""name"": ""alien""}]"
1005,"[{""id"": 100, ""name"": ""action""}, {""id"": 101, ""name"": ""drama""}, {""id"": 102, ""name"": ""horror""}, {""id"": 103, ""name"": ""thriller""}, {""id"": 104, ""name"": ""supernatural""}, {""id"": 105, ""name"": ""superhero""}, {""id"": 106, ""name"": ""martial arts""}]"
1006,"[{""id"": 100, ""name"": ""supernatural""}, {""id"": 101, ""name"": ""thriller""}]"
1007,"[{""id"": 100, ""name"": ""monster""}, {""id"": 101, ""name"": ""supernatural""}, {""id"": 102, ""name"": ""thriller""}, {""id"": 103, ""name"": ""heist""}, {""id"": 104, ""name"": ""war""}, {""id"": 105, ""name"": ""space""}]"
1008,"[{""id"": 100, ""name"": ""war""}, {""id"": 101, ""name"": ""adventure""}, {""id"": 102, ""name"": ""martial arts""}]"
1009,"[{""id"": 100, ""name"": ""mystery""}, {""id"": 101, ""name"": ""zombie""}]"
1010,"[{""id"": 100, ""name"": ""spy""}, {""id"": 101, ""name"": ""alien""}, {""id"": 102, ""name"": ""drama""}, {""id"": 103, ""name"": ""family""}, {""id"": 104, ""name"": ""friendship""}, {""id"": 105, ""name"": ""zombie""}, {""id"": 106, ""name"": ""biography""}]"
1011,"[{""id"": 100, ""name"": ""alien""}, {""id"": 101, ""name"": ""horror""}, {""id"": 102, ""name"": ""love""}, {""id"": 103, ""name"": ""friendship""}]"
1012,"[{""id"": 100, ""name"": ""fantasy""}, {""id"": 101, ""name"": ""thriller""}]"
1013,"[{""id"": 100, ""name"": ""revenge""}, {""id"": 101, ""name"": ""zombie""}, {""id"": 102, ""name"": ""fantasy""}, {""id"": 103, ""name"": ""thriller""}]"
1014,"[{""id"": 100, ""name"": ""supernatural""}, {""id"": 101, ""name"": ""time travel""}, {""id"": 102, ""name"": ""heist""}, {""id"": 103, ""name"": ""thriller""}, {""id"": 104, ""name"": ""family""}]"
1015,"[{""id"": 100, ""name"": ""adventure""}, {""id"": 101, ""name"": ""supernatural""}, {""id"": 102, ""name"": ""comedy""}, {""id"": 103, ""name"": ""martial arts""}, {""id"": 104, ""name"": ""friendship""}, {""id"": 105, ""name"": ""superhero""}]"
1016,"[{""id"": 100, ""name"": ""comedy""}, {""id"": 101, ""name"": ""crime""}, {""id"": 102, ""name"": ""heist""}, {""id"": 103, ""name"": ""monster""}, {""id"": 104, ""name"": ""drama""}, {""id"": 105, ""name"": ""sport""}]"
1017,"[{""id"": 100, ""name"": ""sport""}, {""id"": 101, ""name"": ""horror""}, {""id"": 102, ""name"": ""romance""}]"
1018,"[{""id"": 100, ""name"": ""superhero""}, {""id"": 101, ""name"": ""biography""}, {""id"": 102, ""name"": ""crime""}]"
1019,"[{""id"": 100, ""name"": ""sport""}, {""id"": 101, ""name"": ""zombie""}, {""id"": 102, ""name"": ""martial arts""}, {""id"": 103, ""name"": ""heist""}]"
1020,"[{""id"": 100, ""name"": ""fantasy""}, {""id"": 101, ""name"": ""revenge""}, {""id"": 102, ""name"": ""biography""}]"
1021,"[{""id"": 100, ""name"": ""crime""}, {""id"": 101, ""name"": ""heist""}, {""id"": 102, ""name"": ""spy""}, {""id"": 103, ""name"": ""thriller""}, {""id"": 104, ""name"": ""action""}]"
1022,"[{""id"": 100, ""name"": ""romance""}, {""id"": 101, ""name"": ""superhero""}, {""id"": 102, ""name"": ""mystery""}]"
1023,"[{""id"": 100, ""name"": ""family""}, {""id"": 101, ""name"": ""history""}]"
1024,"[{""id"": 100, ""name"": ""love""}, {""id"": 101, ""name"": ""war""}, {""id"": 102, ""name"": ""monster""}]"
1025,"[{""id"": 100, ""name"": ""horror""}, {""id"": 101, ""name"": ""biography""}, {""id"": 102, ""name"": ""romance""}, {""id"": 103, ""name"": ""war""}, {""id"": 104, ""name"": ""drama""}, {""id"": 105, ""name"": ""family""}, {""id"": 106, ""name"": ""love""}]"
1026,"[{""id"": 100, ""name"": ""alien""}, {""id"": 101, ""name"": ""biography""}, {""id"": 102, ""name"": ""mystery""}]"
1027,"[{""id"": 100, ""name"": ""heist""}, {""id"": 101, ""name"": ""family""}, {""id"": 102, ""name"": ""robot""}, {""id"": 103, ""name"": ""war""}]"
1028,"[{""id"": 100, ""name"": ""mystery""}, {""id"": 101, ""name"": ""supernatural""}]"
1029,"[{""id"": 100, ""name"": ""comedy""}, {""id"": 101, ""name"": ""history""}, {""id"": 102, ""name"": ""adventure""}, {""id"": 103, ""name"": ""romance""}]"
1030,"[{""id"": 100, ""name"": ""mystery""}, {""id"": 101, ""name"": ""war""}, {""id"": 102, ""name"": ""robot""}, {""id"": 103, ""name"": ""martial arts""}, {""id"": 104, ""name"": ""family""}]"
1031,"[{""id"": 100, ""name"": ""mystery""}, {""id"": 101, ""name"": ""space""}, {""id"": 102, ""name"": ""adventure""}, {""id"": 103, ""name"": ""revenge""}, {""id"": 104, ""name"": ""war""}, {""id"": 105, ""name"": ""action""}, {""id"": 106, ""name"": ""heist""}]"
1032,"[{""id"": 100, ""name"": ""adventure""}, {""id"": 101, ""name"": ""sport""}, {""id"": 102, ""name"": ""comedy""}, {""id"": 103, ""name"": ""romance""}, {""id"": 104, ""name"": ""family""}, {""id"": 105, ""name"": ""fantasy""}, {""id"": 106, ""name"": ""history""}]"
1033,"[{""id"": 100, ""name"": ""friendship""}, {""id"": 101, ""name"": ""crime""}, {""id"": 102, ""name"": ""heist""}, {""id"": 103, ""name"": ""adventure""}, {""id"": 104, ""name"": ""family""}]"
1034,"[{""id"": 100, ""name"": ""romance""}, {""id"": 101, ""name"": ""monster""}, {""id"": 102, ""name"": ""alien""}, {""id"": 103, ""name"": ""love""}, {""id"": 104, ""name"": ""revenge""}, {""id"": 105, ""name"": ""zombie""}, {""id"": 106, ""name"": ""time travel""}]"
1035,"[{""id"": 100, ""name"": ""revenge""}, {""id"": 101, ""name"": ""action""}, {""id"": 102, ""name"": ""friendship""}]"
1036,"[{""id"": 100, ""name"": ""mystery""}, {""id"": 101, ""name"": ""sport""}]"
1037,"[{""id"": 100, ""name"": ""family""}, {""id"": 101, ""name"": ""robot""}, {""id"": 102, ""name"": ""martial arts""}, {""id"": 103, ""name"": ""mystery""}]"
1038,"[{""id"": 100, ""name"": ""biography""}, {""id"": 101, ""name"": ""space""}, {""id"": 102, ""name"": ""time travel""}, {""id"": 103, ""name"": ""horror""}, {""id"": 104, ""name"": ""spy""}, {""id"": 105, ""name"": ""martial arts""}, {""id"": 106, ""name"": ""comedy""}]"
1039,"[{""id"": 100, ""name"": ""space""}, {""id"": 101, ""name"": ""martial arts""}, {""id"": 102, ""name"": ""romance""}, {""id"": 103, ""name"": ""alien""}, {""id"": 104, ""name"": ""music""}, {""id"": 105, ""name"": ""drama""}]"
1040,"[{""id"": 100, ""name"": ""crime""}, {""id"": 101, ""name"": ""music""}, {""id"": 102, ""name"": ""family""}, {""id"": 103, ""name"": ""robot""}, {""id"": 104, ""name"": ""comedy""}, {""id"": 105, ""name"": ""history""}, {""id"": 106, ""name"": ""war""}]"
1041,"[{""id"": 100, ""name"": ""superhero""}, {""id"": 101, ""name"": ""supernatural""}, {""id"": 102, ""name"": ""zombie""}, {""id"": 103, ""name"": ""war""}, {""id"": 104, ""name"": ""robot""}]"
1042,"[{""id"": 100, ""name"": ""crime""}, {""id"": 101, ""name"": ""biography""}, {""id"": 102, ""name"": ""horror""}, {""id"": 103, ""name"": ""friendship""}, {""id"": 104, ""name"": ""supernatural""}, {""id"": 105, ""name"": ""alien""}, {""id"": 106, ""name"": ""fantasy""}]"
1043,"[{""id"": 100, ""name"": ""fantasy""}, {""id"": 101, ""name"": ""comedy""}]"
1044,"[{""id"": 100, ""name"": ""alien""}, {""id"": 101, ""name"": ""superhero""}, {""id"": 102, ""name"": ""fantasy""}, {""id"": 103, ""name"": ""biography""}, {""id"": 104, ""name"": ""comedy""}]"
1045,"[{""id"": 100, ""name"": ""monster""}, {""id"": 101, ""name"": ""heist""}, {""id"": 102, ""name"": ""war""}, {""id"": 103, ""name"": ""history""}, {""id"": 104, ""name"": ""family""}]"
1046,"[{""id"": 100, ""name"": ""heist""}, {""id"": 101, ""name"": ""war""}]"
1047,"[{""id"": 100, ""name"": ""history""}, {""id"": 101, ""name"": ""superhero""}]"
1048,"[{""id"": 100, ""name"": ""revenge""}, {""id"": 101, ""name"": ""biography""}, {""id"": 102, ""name"": ""crime""}, {""id"": 103, ""name"": ""fantasy""}, {""id"": 104, ""name"": ""superhero""}, {""id"": 105, ""name"": ""history""}]"
1049,"[{""id"": 100, ""name"": ""crime""}, {""id"": 101, ""name"": ""music""}, {""id"": 102, ""name"": ""fantasy""}, {""id"": 103, ""name"": ""adventure""}, {""id"": 104, ""name"": ""romance""}, {""id"": 105, ""name"": ""space""}, {""id"": 106, ""name"": ""martial arts""}]"
1050,"[{""id"": 100, ""name"": ""drama""}, {""id"": 101, ""name"": ""adventure""}, {""id"": 102, ""name"": ""heist""}, {""id"": 103, ""name"": ""fantasy""}, {""id"": 104, ""name"": ""romance""}]"
1051,"[{""id"": 100, ""name"": ""supernatural""}, {""id"": 101, ""name"": ""war""}, {""id"": 102, ""name"": ""spy""}, {""id"": 103, ""name"": ""mystery""}, {""id"": 104, ""name"": ""heist""}]"
1052,"[{""id"": 100, ""name"": ""music""}, {""id"": 101, ""name"": ""time travel""}, {""id"": 102, ""name"": ""war""}, {""id"": 103, ""name"": ""revenge""}]"
1053,"[{""id"": 100, ""name"": ""revenge""}, {""id"": 101, ""name"": ""action""}, {""id"": 102, ""name"": ""alien""}, {""id"": 103, ""name"": ""drama""}, {""id"": 104, ""name"": ""supernatural""}, {""id"": 105, ""name"": ""adventure""}]"
1054,"[{""id"": 100, ""name"": ""spy""}, {""id"": 101, ""name"": ""friendship""}, {""id"": 102, ""name"": ""thriller""}, {""id"": 103, ""name"": ""sport""}, {""id"": 104, ""name"": ""time travel""}]"
1055,"[{""id"": 100, ""name"": ""revenge""}, {""id"": 101, ""name"": ""music""}, {""id"": 102, ""name"": ""adventure""}]"
1056,"[{""id"": 100, ""name"": ""action""}, {""id"": 101, ""name"": ""heist""}, {""id"": 102, ""name"": ""monster""}, {""id"": 103, ""name"": ""superhero""}]"
1057,"[{""id"": 100, ""name"": ""thriller""}, {""id"": 101, ""name"": ""superhero""}, {""id"": 102, ""name"": ""biography""}, {""id"": 103, ""name"": ""history""}, {""id"": 104, ""name"": ""war""}]"
1058,"[{""id"": 100, ""name"": ""drama""}, {""id"": 101, ""name"": ""mystery""}, {""id"": 102, ""name"": ""spy""}]"
1059,"[{""id"": 100, ""name"": ""time travel""}, {""id"": 101, ""name"": ""thriller""}, {""id"": 102, ""name"": ""monster""}]"
1060,"[{""id"": 100, ""name"": ""spy""}, {""id"": 101, ""name"": ""space""}, {""id"": 102, ""name"": ""martial arts""}, {""id"": 103, ""name"": ""action""}, {""id"": 104, ""name"": ""biography""}]"
1061,"[{""id"": 100, ""name"": ""supernatural""}, {""id"": 101, ""name"": ""monster""}, {""id"": 102, ""name"": ""zombie""}, {""id"": 103, ""name"": ""time travel""}, {""id"": 104, ""name"": ""action""}, {""id"": 105, ""name"": ""mystery""}, {""id"": 106, ""name"": ""love""}]"
1062,"[{""id"": 100, ""name"": ""music""}, {""id"": 101, ""name"": ""friendship""}, {""id"": 102, ""name"": ""sport""}, {""id"": 103, ""name"": ""action""}, {""id"": 104, ""name"": ""love""}, {""id"": 105, ""name"": ""monster""}]"
1063,"[{""id"": 100, ""name"": ""war""}, {""id"": 101, ""name"": ""history""}]"
1064,"[{""id"": 100, ""name"": ""space""}, {""id"": 101, ""name"": ""heist""}, {""id"": 102, ""name"": ""supernatural""}, {""id"": 103, ""name"": ""biography""}, {""id"": 104, ""name"": ""war""}, {""id"": 105, ""name"": ""time travel""}]"
1065,"[{""id"": 100, ""name"": ""fantasy""}, {""id"": 101, ""name"": ""space""}, {""id"": 102, ""name"": ""supernatural""}, {""id"": 103, ""name"": ""family""}]"
1066,"[{""id"": 100, ""name"": ""martial arts""}, {""id"": 101, ""name"": ""zombie""}, {""id"": 102, ""name"": ""friendship""}, {""id"": 103, ""name"": ""adventure""}, {""id"": 104, ""name"": ""mystery""}, {""id"": 105, ""name"": ""superhero""}]"
1067,"[{""id"": 100, ""name"": ""monster""}, {""id"": 101, ""name"": ""revenge""}, {""id"": 102, ""name"": ""alien""}, {""id"": 103, ""name"": ""family""}, {""id"": 104, ""name"": ""superhero""}, {""id"": 105, ""name"": ""friendship""}, {""id"": 106, ""name"": ""heist""}]"
1068,"[{""id"": 100, ""name"": ""history""}, {""id"": 101, ""name"": ""alien""}, {""id"": 102, ""name"": ""music""}, {""id"": 103, ""name"": ""action""}, {""id"": 104, ""name"": ""horror""}, {""id"": 105, ""name"": ""supernatural""}, {""id"": 106, ""name"": ""time travel""}]"
1069,"[{""id"": 100, ""name"": ""action""}, {""id"": 101, ""name"": ""sport""}, {""id"": 102, ""name"": ""comedy""}, {""id"": 103, ""name"": ""war""}, {""id"": 104, ""name"": ""romance""}, {""id"": 105, ""name"": ""zombie""}]"
1070,"[{""id"": 100, ""name"": ""comedy""}, {""id"": 101, ""name"": ""drama""}, {""id"": 102, ""name"": ""crime""}, {""id"": 103, ""name"": ""superhero""}]"
1071,"[{""id"": 100, ""name"": ""alien""}, {""id"": 101, ""name"": ""robot""}, {""id"": 102, ""name"": ""heist""}, {""id"": 103, ""name"": ""comedy""}, {""id"": 104, ""name"": ""time travel""}]"
1072,"[{""id"": 100, ""name"": ""supernatural""}, {""id"": 101, ""name"": ""friendship""}, {""id"": 102, ""name"": ""history""}, {""id"": 103, ""name"": ""music""}, {""id"": 104, ""name"": ""zombie""}, {""id"": 105, ""name"": ""adventure""}]"
1073,"[{""id"": 100, ""name"": ""family""}, {""id"": 101, ""name"": ""space""}, {""id"": 102, ""name"": ""sport""}]"
1074,"[{""id"": 100, ""name"": ""history""}, {""id"": 101, ""name"": ""drama""}, {""id"": 102, ""name"": ""robot""}, {""id"": 103, ""name"": ""space""}, {""id"": 104, ""name"": ""crime""}, {""id"": 105, ""name"": ""love""}]"
1075,"[{""id"": 100, ""name"": ""monster""}, {""id"": 101, ""name"": ""romance""}, {""id"": 102, ""name"": ""martial arts""}, {""id"": 103, ""name"": ""war""}, {""id"": 104, ""name"": ""revenge""}, {""id"": 105, ""name"": ""crime""}]"
1076,"[{""id"": 100, ""name"": ""time travel""}, {""id"": 101, ""name"": ""thriller""}, {""id"": 102, ""name"": ""war""}, {""id"": 103, ""name"": ""fantasy""}, {""id"": 104, ""name"": ""space""}]"
1077,"[{""id"": 100, ""name"": ""family""}, {""id"": 101, ""name"": ""love""}, {""id"": 102, ""name"": ""martial arts""}]"
1078,"[{""id"": 100, ""name"": ""action""}, {""id"": 101, ""name"": ""war""}, {""id"": 102, ""name"": ""robot""}, {""id"": 103, ""name"": ""romance""}, {""id"": 104, ""name"": ""monster""}]"
1079,"[{""id"": 100, ""name"": ""family""}, {""id"": 101, ""name"": ""spy""}, {""id"": 102, ""name"": ""robot""}, {""id"": 103, ""name"": ""drama""}, {""id"": 104, ""name"": ""heist""}]"
1080,"[{""id"": 100, ""name"": ""family""}, {""id"": 101, ""name"": ""action""}, {""id"": 102, ""name"": ""time travel""}]"
1081,"[{""id"": 100, ""name"": ""romance""}, {""id"": 101, ""name"": ""love""}, {""id"": 102, ""name"": ""revenge""}, {""id"": 103, ""name"": ""zombie""}]"
1082,"[{""id"": 100, ""name"": ""drama""}, {""id"": 101, ""name"": ""spy""}]"
1083,"[{""id"": 100, ""name"": ""superhero""}, {""id"": 101, ""name"": ""friendship""}, {""id"": 102, ""name"": ""crime""}, {""id"": 103, ""name"": ""sport""}]"
1084,"[{""id"": 100, ""name"": ""mystery""}, {""id"": 101, ""name"": ""time travel""}, {""id"": 102, ""name"": ""zombie""}, {""id"": 103, ""name"": ""history""}]"
1085,"[{""id"": 100, ""name"": ""music""}, {""id"": 101, ""name"": ""fantasy""}]"
1086,"[{""id"": 100, ""name"": ""robot""}, {""id"": 101, ""name"": ""crime""}, {""id"": 102, ""name"": ""love""}, {""id"": 103, ""name"": ""history""}, {""id"": 104, ""name"": ""family""}]"
1087,"[{""id"": 100, ""name"": ""love""}, {""id"": 101, ""name"": ""supernatural""}, {""id"": 102, ""name"": ""comedy""}, {""id"": 103, ""name"": ""mystery""}, {""id"": 104, ""name"": ""action""}, {""id"": 105, ""name"": ""heist""}, {""id"": 106, ""name"": ""monster""}]"
1088,"[{""id"": 100, ""name"": ""zombie""}, {""id"": 101, ""name"": ""superhero""}, {""id"": 102, ""name"": ""family""}]"
1089,"[{""id"": 100, ""name"": ""revenge""}, {""id"": 101, ""name"": ""friendship""}]"
1090,"[{""id"": 100, ""name"": ""zombie""}, {""id"": 101, ""name"": ""music""}, {""id"": 102, ""name"": ""action""}, {""id"": 103, ""name"": ""robot""}, {""id"": 104, ""name"": ""alien""}, {""id"": 105, ""name"": ""spy""}]"
1091,"[{""id"": 100, ""name"": ""drama""}, {""id"": 101, ""name"": ""heist""}, {""id"": 102, ""name"": ""crime""}, {""id"": 103, ""name"": ""monster""}, {""id"": 104, ""name"": ""superhero""}]"
1092,"[{""id"": 100, ""name"": ""time travel""}, {""id"": 101, ""name"": ""adventure""}, {""id"": 102, ""name"": ""love""}, {""id"": 103, ""name"": ""biography""}, {""id"": 104, ""name"": ""history""}, {""id"": 105, ""name"": ""fantasy""}, {""id"": 106, ""name"": ""crime""}]"
1093,"[{""id"": 100, ""name"": ""friendship""}, {""id"": 101, ""name"": ""romance""}, {""id"": 102, ""name"": ""comedy""}]"
1094,"[{""id"": 100, ""name"": ""friendship""}, {""id"": 101, ""name"": ""crime""}]"
1095,"[{""id"": 100, ""name"": ""spy""}, {""id"": 101, ""name"": ""revenge""}, {""id"": 102, ""name"": ""thriller""}, {""id"": 103, ""name"": ""zombie""}, {""id"": 104, ""name"": ""monster""}]"
1096,"[{""id"": 100, ""name"": ""comedy""}, {""id"": 101, ""name"": ""superhero""}, {""id"": 102, ""name"": ""love""}]"
1097,"[{""id"": 100, ""name"": ""drama""}, {""id"": 101, ""name"": ""robot""}, {""id"": 102, ""name"": ""zombie""}, {""id"": 103, ""name"": ""superhero""}, {""id"": 104, ""name"": ""friendship""}]"
1098,"[{""id"": 100, ""name"": ""crime""}, {""id"": 101, ""name"": ""sport""}, {""id"": 102, ""name"": ""spy""}, {""id"": 103, ""name"": ""time travel""}, {""id"": 104, ""name"": ""romance""}, {""id"": 105, ""name"": ""space""}]"
1099,"[{""id"": 100, ""name"": ""war""}, {""id"": 101, ""name"": ""love""}, {""id"": 102, ""name"": ""monster""}]"
1100,"[{""id"": 100, ""name"": ""spy""}, {""id"": 101, ""name"": ""biography""}, {""id"": 102, ""name"": ""history""}, {""id"": 103, ""name"": ""supernatural""}]"
1101,"[{""id"": 100, ""name"": ""war""}, {""id"": 101, ""name"": ""sport""}, {""id"": 102, ""name"": ""mystery""}, {""id"": 103, ""name"": ""robot""}, {""id"": 104, ""name"": ""supernatural""}]"
1102,"[{""id"": 100, ""name"": ""revenge""}, {""id"": 101, ""name"": ""spy""}, {""id"": 102, ""name"": ""adventure""}, {""id"": 103, ""name"": ""heist""}, {""id"": 104, ""name"": ""horror""}]"
1103,"[{""id"": 100, ""name"": ""superhero""}, {""id"": 101, ""name"": ""friendship""}, {""id"": 102, ""name"": ""heist""}, {""id"": 103, ""name"": ""robot""}, {""id"": 104, ""name"": ""fantasy""}, {""id"": 105, ""name"": ""family""}]"
1104,"[{""id"": 100, ""name"": ""romance""}, {""id"": 101, ""name"": ""spy""}, {""id"": 102, ""name"": ""adventure""}, {""id"": 103, ""name"": ""friendship""}, {""id"": 104, ""name"": ""space""}]"
1105,"[{""id"": 100, ""name"": ""comedy""}, {""id"": 101, ""name"": ""love""}, {""id"": 102, ""name"": ""history""}, {""id"": 103, ""name"": ""robot""}]"
1106,"[{""id"": 100, ""name"": ""horror""}, {""id"": 101, ""name"": ""biography""}, {""id"": 102, ""name"": ""supernatural""}, {""id"": 103, ""name"": ""superhero""}, {""id"": 104, ""name"": ""zombie""}, {""id"": 105, ""name"": ""history""}]"
1107,"[{""id"": 100, ""name"": ""war""}, {""id"": 101, ""name"": ""fantasy""}, {""id"": 102, ""name"": ""monster""}, {""id"": 103, ""name"": ""zombie""}, {""id"": 104, ""name"": ""horror""}, {""id"": 105, ""name"": ""biography""}, {""id"": 106, ""name"": ""alien""}]"
1108,"[{""id"": 100, ""name"": ""crime""}, {""id"": 101, ""name"": ""martial arts""}, {""id"": 102, ""name"": ""love""}, {""id"": 103, ""name"": ""comedy""}, {""id"": 104, ""name"": ""spy""}, {""id"": 105, ""name"": ""horror""}]"
1109,"[{""id"": 100, ""name"": ""music""}, {""id"": 101, ""name"": ""love""}, {""id"": 102, ""name"": ""space""}, {""id"": 103, ""name"": ""time travel""}, {""id"": 104, ""name"": ""alien""}]"
1110,"[{""id"": 100, ""name"": ""history""}, {""id"": 101, ""name"": ""time travel""}]"
1111,"[{""id"": 100, ""name"": ""revenge""}, {""id"": 101, ""name"": ""family""}, {""id"": 102, ""name"": ""drama""}, {""id"": 103, ""name"": ""spy""}, {""id"": 104, ""name"": ""heist""}, {""id"": 105, ""name"": ""sport""}, {""id"": 106, ""name"": ""fantasy""}]"
1112,"[{""id"": 100, ""name"": ""sport""}, {""id"": 101, ""name"": ""music""}, {""id"": 102, ""name"": ""spy""}, {""id"": 103, ""name"": ""history""}, {""id"": 104, ""name"": ""adventure""}, {""id"": 105, ""name"": ""romance""}]"
1113,"[{""id"": 100, ""name"": ""family""}, {""id"": 101, ""name"": ""robot""}, {""id"": 102, ""name"": ""love""}, {""id"": 103, ""name"": ""zombie""}]"
1114,"[{""id"": 100, ""name"": ""superhero""}, {""id"": 101, ""name"": ""music""}, {""id"": 102, ""name"": ""heist""}, {""id"": 103, ""name"": ""adventure""}]"
1115,"[{""id"": 100, ""name"": ""thriller""}, {""id"": 101, ""name"": ""mystery""}, {""id"": 102, ""name"": ""zombie""}, {""id"": 103, ""name"": ""revenge""}, {""id"": 104, ""name"": ""music""}]"
1116,"[{""id"": 100, ""name"": ""martial arts""}, {""id"": 101, ""name"": ""family""}, {""id"": 102, ""name"": ""friendship""}, {""id"": 103, ""name"": ""sport""}, {""id"": 104, ""name"": ""robot""}, {""id"": 105, ""name"": ""action""}]"
1117,"[{""id"": 100, ""name"": ""heist""}, {""id"": 101, ""name"": ""mystery""}, {""id"": 102, ""name"": ""time travel""}, {""id"": 103, ""name"": ""crime""}, {""id"": 104, ""name"": ""comedy""}, {""id"": 105, ""name"": ""zombie""}]"
1118,"[{""id"": 100, ""name"": ""revenge""}, {""id"": 101, ""name"": ""friendship""}]"
1119,"[{""id"": 100, ""name"": ""heist""}, {""id"": 101, ""name"": ""romance""}, {""id"": 102, ""name"": ""horror""}, {""id"": 103, ""name"": ""drama""}, {""id"": 104, ""name"": ""sport""}, {""id"": 105, ""name"": ""fantasy""}, {""id"": 106, ""name"": ""mystery""}]"
1120,"[{""id"": 100, ""name"": ""thriller""}, {""id"": 101, ""name"": ""zombie""}, {""id"": 102, ""name"": ""monster""}, {""id"": 103, ""name"": ""friendship""}]"
1121,"[{""id"": 100, ""name"": ""romance""}, {""id"": 101, ""name"": ""action""}, {""id"": 102, ""name"": ""fantasy""}, {""id"": 103, ""name"": ""revenge""}, {""id"": 104, ""name"": ""music""}, {""id"": 105, ""name"": ""biography""}]"
1122,"[{""id"": 100, ""name"": ""time travel""}, {""id"": 101, ""name"": ""heist""}]"
1123,"[{""id"": 100, ""name"": ""horror""}, {""id"": 101, ""name"": ""revenge""}, {""id"": 102, ""name"": ""music""}, {""id"": 103, ""name"": ""biography""}, {""id"": 104, ""name"": ""adventure""}, {""id"": 105, ""name"": ""martial arts""}, {""id"": 106, ""name"": ""thriller""}]"
1124,"[{""id"": 100, ""name"": ""time travel""}, {""id"": 101, ""name"": ""superhero""}, {""id"": 102, ""name"": ""space""}, {""id"": 103, ""name"": ""thriller""}, {""id"": 104, ""name"": ""sport""}]"
1125,"[{""id"": 100, ""name"": ""biography""}, {""id"": 101, ""name"": ""revenge""}, {""id"": 102, ""name"": ""spy""}, {""id"": 103, ""name"": ""mystery""}]"
1126,"[{""id"": 100, ""name"": ""alien""}, {""id"": 101, ""name"": ""monster""}, {""id"": 102, ""name"": ""thriller""}, {""id"": 103, ""name"": ""robot""}, {""id"": 104, ""name"": ""space""}, {""id"": 105, ""name"": ""family""}, {""id"": 106, ""name"": ""drama""}]"
1127,"[{""id"": 100, ""name"": ""drama""}, {""id"": 101, ""name"": ""friendship""}, {""id"": 102, ""name"": ""biography""}, {""id"": 103, ""name"": ""time travel""}, {""id"": 104, ""name"": ""supernatural""}, {""id"": 105, ""name"": ""comedy""}]"
1128,"[{""id"": 100, ""name"": ""music""}, {""id"": 101, ""name"": ""thriller""}, {""id"": 102, ""name"": ""adventure""}, {""id"": 103, ""name"": ""family""}, {""id"": 104, ""name"": ""romance""}, {""id"": 105, ""name"": ""friendship""}, {""id"": 106, ""name"": ""war""}]"
1129,"[{""id"": 100, ""name"": ""action""}, {""id"": 101, ""name"": ""robot""}, {""id"": 102, ""name"": ""drama""}, {""id"": 103, ""name"": ""sport""}]"
1130,"[{""id"": 100, ""name"": ""family""}, {""id"": 101, ""name"": ""zombie""}, {""id"": 102, ""name"": ""war""}, {""id"": 103, ""name"": ""fantasy""}, {""id"": 104, ""name"": ""romance""}, {""id"": 105, ""name"": ""crime""}]"
1131,"[{""id"": 100, ""name"": ""sport""}, {""id"": 101, ""name"": ""friendship""}]"
1132,"[{""id"": 100, ""name"": ""spy""}, {""id"": 101, ""name"": ""comedy""}, {""id"": 102, ""name"": ""sport""}, {""id"": 103, ""name"": ""history""}, {""id"": 104, ""name"": ""biography""}, {""id"": 105, ""name"": ""alien""}, {""id"": 106, ""name"": ""horror""}]"
1133,"[{""id"": 100, ""name"": ""spy""}, {""id"": 101, ""name"": ""crime""}, {""id"": 102, ""name"": ""zombie""}, {""id"": 103, ""name"": ""revenge""}]"
1134,"[{""id"": 100, ""name"": ""fantasy""}, {""id"": 101, ""name"": ""robot""}, {""id"": 102, ""name"": ""comedy""}, {""id"": 103, ""name"": ""martial arts""}, {""id"": 104, ""name"": ""spy""}]"
1135,"[{""id"": 100, ""name"": ""monster""}, {""id"": 101, ""name"": ""romance""}, {""id"": 102, ""name"": ""family""}, {""id"": 103, ""name"": ""fantasy""}, {""id"": 104, ""name"": ""sport""}]"
1136,"[{""id"": 100, ""name"": ""robot""}, {""id"": 101, ""name"": ""supernatural""}, {""id"": 102, ""name"": ""revenge""}, {""id"": 103, ""name"": ""comedy""}, {""id"": 104, ""name"": ""alien""}, {""id"": 105, ""name"": ""mystery""}, {""id"": 106, ""name"": ""zombie""}]"
1137,"[{""id"": 100, ""name"": ""superhero""}, {""id"": 101, ""name"": ""history""}, {""id"": 102, ""name"": ""mystery""}, {""id"": 103, ""name"": ""romance""}, {""id"": 104, ""name"": ""music""}]"
1138,"[{""id"": 100, ""name"": ""romance""}, {""id"": 101, ""name"": ""spy""}, {""id"": 102, ""name"": ""revenge""}, {""id"": 103, ""name"": ""mystery""}, {""id"": 104, ""name"": ""alien""}, {""id"": 105, ""name"": ""supernatural""}]"
1139,"[{""id"": 100, ""name"": ""comedy""}, {""id"": 101, ""name"": ""music""}, {""id"": 102, ""name"": ""romance""}, {""id"": 103, ""name"": ""fantasy""}, {""id"": 104, ""name"": ""sport""}, {""id"": 105, ""name"": ""time travel""}]"
1140,"[{""id"": 100, ""name"": ""horror""}, {""id"": 101, ""name"": ""family""}, {""id"": 102, ""name"": ""war""}]"
1141,"[{""id"": 100, ""name"": ""superhero""}, {""id"": 101, ""name"": ""love""}, {""id"": 102, ""name"": ""romance""}, {""id"": 103, ""name"": ""comedy""}, {""id"": 104, ""name"": ""drama""}]"
1142,"[{""id"": 100, ""name"": ""thriller""}, {""id"": 101, ""name"": ""horror""}, {""id"": 102, ""name"": ""war""}, {""id"": 103, ""name"": ""fantasy""}, {""id"": 104, ""name"": ""monster""}]"
1143,"[{""id"": 100, ""name"": ""friendship""}, {""id"": 101, ""name"": ""love""}, {""id"": 102, ""name"": ""war""}]"
1144,"[{""id"": 100, ""name"": ""robot""}, {""id"": 101, ""name"": ""horror""}, {""id"": 102, ""name"": ""fantasy""}, {""id"": 103, ""name"": ""monster""}, {""id"": 104, ""name"": ""mystery""}]"
1145,"[{""id"": 100, ""name"": ""fantasy""}, {""id"": 101, ""name"": ""action""}, {""id"": 102, ""name"": ""martial arts""}, {""id"": 103, ""name"": ""biography""}]"
1146,"[{""id"": 100, ""name"": ""space""}, {""id"": 101, ""name"": ""supernatural""}]"
1147,"[{""id"": 100, ""name"": ""love""}, {""id"": 101, ""name"": ""music""}]"
1148,"[{""id"": 100, ""name"": ""zombie""}, {""id"": 101, ""name"": ""adventure""}, {""id"": 102, ""name"": ""action""}, {""id"": 103, ""name"": ""monster""}]"
1149,"[{""id"": 100, ""name"": ""war""}, {""id"": 101, ""name"": ""monster""}]"
1150,"[{""id"": 100, ""name"": ""sport""}, {""id"": 101, ""name"": ""heist""}, {""id"": 102, ""name"": ""romance""}]"
1151,"[{""id"": 100, ""name"": ""crime""}, {""id"": 101, ""name"": ""friendship""}]"
1152,"[{""id"": 100, ""name"": ""time travel""}, {""id"": 101, ""name"": ""comedy""}, {""id"": 102, ""name"": ""war""}, {""id"": 103, ""name"": ""supernatural""}]"
1153,"[{""id"": 100, ""name"": ""drama""}, {""id"": 101, ""name"": ""music""}, {""id"": 102, ""name"": ""horror""}, {""id"": 103, ""name"": ""war""}, {""id"": 104, ""name"": ""zombie""}, {""id"": 105, ""name"": ""time travel""}]"
1154,"[{""id"": 100, ""name"": ""fantasy""}, {""id"": 101, ""name"": ""robot""}, {""id"": 102, ""name"": ""martial arts""}, {""id"": 103, ""name"": ""space""}, {""id"": 104, ""name"": ""heist""}, {""id"": 105, ""name"": ""revenge""}]"
1155,"[{""id"": 100, ""name"": ""drama""}, {""id"": 101, ""name"": ""friendship""}]"
1156,"[{""id"": 100, ""name"": ""space""}, {""id"": 101, ""name"": ""history""}, {""id"": 102, ""name"": ""action""}, {""id"": 103, ""name"": ""comedy""}]"
1157,"[{""id"": 100, ""name"": ""thriller""}, {""id"": 101, ""name"": ""fantasy""}, {""id"": 102, ""name"": ""adventure""}, {""id"": 103, ""name"": ""mystery""}, {""id"": 104, ""name"": ""superhero""}, {""id"": 105, ""name"": ""friendship""}, {""id"": 106, ""name"": ""comedy""}]"
1158,"[{""id"": 100, ""name"": ""martial arts""}, {""id"": 101, ""name"": ""biography""}, {""id"": 102, ""name"": ""mystery""}]"
1159,"[{""id"": 100, ""name"": ""sport""}, {""id"": 101, ""name"": ""love""}, {""id"": 102, ""name"": ""action""}, {""id"": 103, ""name"": ""heist""}, {""id"": 104, ""name"": ""friendship""}, {""id"": 105, ""name"": ""monster""}, {""id"": 106, ""name"": ""biography""}]"
1160,"[{""id"": 100, ""name"": ""martial arts""}, {""id"": 101, ""name"": ""sport""}, {""id"": 102, ""name"": ""romance""}]"
1161,"[{""id"": 100, ""name"": ""alien""}, {""id"": 101, ""name"": ""sport""}, {""id"": 102, ""name"": ""superhero""}, {""id"": 103, ""name"": ""supernatural""}, {""id"": 104, ""name"": ""fantasy""}, {""id"": 105, ""name"": ""history""}]"
1162,"[{""id"": 100, ""name"": ""fantasy""}, {""id"": 101, ""name"": ""comedy""}, {""id"": 102, ""name"": ""zombie""}, {""id"": 103, ""name"": ""time travel""}]"
1163,"[{""id"": 100, ""name"": ""music""}, {""id"": 101, ""name"": ""friendship""}, {""id"": 102, ""name"": ""thriller""}, {""id"": 103, ""name"": ""monster""}, {""id"": 104, ""name"": ""fantasy""}, {""id"": 105, ""name"": ""romance""}, {""id"": 106, ""name"": ""zombie""}]"
1164,"[{""id"": 100, ""name"": ""war""}, {""id"": 101, ""name"": ""adventure""}, {""id"": 102, ""name"": ""supernatural""}]"
1165,"[{""id"": 100, ""name"": ""time travel""}, {""id"": 101, ""name"": ""robot""}, {""id"": 102, ""name"": ""superhero""}, {""id"": 103, ""name"": ""biography""}, {""id"": 104, ""name"": ""monster""}, {""id"": 105, ""name"": ""love""}]"
1166,"[{""id"": 100, ""name"": ""music""}, {""id"": 101, ""name"": ""history""}, {""id"": 102, ""name"": ""fantasy""}, {""id"": 103, ""name"": ""martial arts""}, {""id"": 104, ""name"": ""spy""}, {""id"": 105, ""name"": ""love""}]"
1167,"[{""id"": 100, ""name"": ""history""}, {""id"": 101, ""name"": ""biography""}, {""id"": 102, ""name"": ""crime""}, {""id"": 103, ""name"": ""horror""}, {""id"": 104, ""name"": ""love""}, {""id"": 105, ""name"": ""spy""}, {""id"": 106, ""name"": ""time travel""}]"
1168,"[{""id"": 100, ""name"": ""space""}, {""id"": 101, ""name"": ""romance""}, {""id"": 102, ""name"": ""horror""}, {""id"": 103, ""name"": ""comedy""}, {""id"": 104, ""name"": ""revenge""}, {""id"": 105, ""name"": ""robot""}]"
1169,"[{""id"": 100, ""name"": ""space""}, {""id"": 101, ""name"": ""drama""}]"
1170,"[{""id"": 100, ""name"": ""thriller""}, {""id"": 101, ""name"": ""adventure""}]"
1171,"[{""id"": 100, ""name"": ""heist""}, {""id"": 101, ""name"": ""comedy""}, {""id"": 102, ""name"": ""friendship""}]"
1172,"[{""id"": 100, ""name"": ""time travel""}, {""id"": 101, ""name"": ""friendship""}, {""id"": 102, ""name"": ""revenge""}, {""id"": 103, ""name"": ""spy""}, {""id"": 104, ""name"": ""crime""}, {""id"": 105, ""name"": ""martial arts""}, {""id"": 106, ""name"": ""war""}]"
1173,"[{""id"": 100, ""name"": ""music""}, {""id"": 101, ""name"": ""action""}]"
1174,"[{""id"": 100, ""name"": ""fantasy""}, {""id"": 101, ""name"": ""friendship""}, {""id"": 102, ""name"": ""robot""}]"
1175,"[{""id"": 100, ""name"": ""mystery""}, {""id"": 101, ""name"": ""spy""}]"
1176,"[{""id"": 100, ""name"": ""monster""}, {""id"": 101, ""name"": ""drama""}]"
1177,"[{""id"": 100, ""name"": ""martial arts""}, {""id"": 101, ""name"": ""adventure""}, {""id"": 102, ""name"": ""zombie""}, {""id"": 103, ""name"": ""monster""}, {""id"": 104, ""name"": ""fantasy""}]"
1178,"[{""id"": 100, ""name"": ""supernatural""}, {""id"": 101, ""name"": ""love""}, {""id"": 102, ""name"": ""horror""}, {""id"": 103, ""name"": ""alien""}, {""id"": 104, ""name"": ""action""}, {""id"": 105, ""name"": ""crime""}, {""id"": 106, ""name"": ""friendship""}]"
1179,"[{""id"": 100, ""name"": ""crime""}, {""id"": 101, ""name"": ""supernatural""}, {""id"": 102, ""name"": ""family""}, {""id"": 103, ""name"": ""war""}]"
1180,"[{""id"": 100, ""name"": ""robot""}, {""id"": 101, ""name"": ""comedy""}, {""id"": 102, ""name"": ""action""}, {""id"": 103, ""name"": ""music""}, {""id"": 104, ""name"": ""zombie""}, {""id"": 105, ""name"": ""space""}]"
1181,"[{""id"": 100, ""name"": ""romance""}, {""id"": 101, ""name"": ""sport""}, {""id"": 102, ""name"": ""zombie""}]"
1182,"[{""id"": 100, ""name"": ""spy""}, {""id"": 101, ""name"": ""monster""}, {""id"": 102, ""name"": ""fantasy""}, {""id"": 103, ""name"": ""martial arts""}, {""id"": 104, ""name"": ""supernatural""}, {""id"": 105, ""name"": ""action""}, {""id"": 106, ""name"": ""horror""}]"
1183,"[{""id"": 100, ""name"": ""time travel""}, {""id"": 101, ""name"": ""love""}, {""id"": 102, ""name"": ""martial arts""}]"
1184,"[{""id"": 100, ""name"": ""friendship""}, {""id"": 101, ""name"": ""alien""}]"
1185,"[{""id"": 100, ""name"": ""family""}, {""id"": 101, ""name"": ""adventure""}, {""id"": 102, ""name"": ""monster""}, {""id"": 103, ""name"": ""revenge""}, {""id"": 104, ""name"": ""supernatural""}]"
1186,"[{""id"": 100, ""name"": ""family""}, {""id"": 101, ""name"": ""friendship""}, {""id"": 102, ""name"": ""romance""}, {""id"": 103, ""name"": ""biography""}, {""id"": 104, ""name"": ""monster""}]"
1187,"[{""id"": 100, ""name"": ""heist""}, {""id"": 101, ""name"": ""war""}, {""id"": 102, ""name"": ""horror""}]"
1188,"[{""id"": 100, ""name"": ""zombie""}, {""id"": 101, ""name"": ""space""}, {""id"": 102, ""name"": ""revenge""}, {""id"": 103, ""name"": ""monster""}, {""id"": 104, ""name"": ""superhero""}, {""id"": 105, ""name"": ""time travel""}]"
1189,"[{""id"": 100, ""name"": ""martial arts""}, {""id"": 101, ""name"": ""drama""}, {""id"": 102, ""name"": ""space""}, {""id"": 103, ""name"": ""robot""}, {""id"": 104, ""name"": ""adventure""}]"
1190,"[{""id"": 100, ""name"": ""supernatural""}, {""id"": 101, ""name"": ""zombie""}, {""id"": 102, ""name"": ""superhero""}, {""id"": 103, ""name"": ""music""}]"
1191,"[{""id"": 100, ""name"": ""biography""}, {""id"": 101, ""name"": ""heist""}, {""id"": 102, ""name"": ""supernatural""}, {""id"": 103, ""name"": ""drama""}, {""id"": 104, ""name"": ""adventure""}, {""id"": 105, ""name"": ""mystery""}, {""id"": 106, ""name"": ""sport""}]"
1192,"[{""id"": 100, ""name"": ""friendship""}, {""id"": 101, ""name"": ""martial arts""}, {""id"": 102, ""name"": ""crime""}, {""id"": 103, ""name"": ""robot""}]"
1193,"[{""id"": 100, ""name"": ""action""}, {""id"": 101, ""name"": ""music""}, {""id"": 102, ""name"": ""martial arts""}, {""id"": 103, ""name"": ""zombie""}, {""id"": 104, ""name"": ""romance""}, {""id"": 105, ""name"": ""crime""}, {""id"": 106, ""name"": ""war""}]"
1194,"[{""id"": 100, ""name"": ""supernatural""}, {""id"": 101, ""name"": ""fantasy""}, {""id"": 102, ""name"": ""romance""}, {""id"": 103, ""name"": ""biography""}, {""id"": 104, ""name"": ""drama""}]"
1195,"[{""id"": 100, ""name"": ""mystery""}, {""id"": 101, ""name"": ""horror""}, {""id"": 102, ""name"": ""monster""}, {""id"": 103, ""name"": ""superhero""}]"
1196,"[{""id"": 100, ""name"": ""friendship""}, {""id"": 101, ""name"": ""time travel""}, {""id"": 102, ""name"": ""family""}, {""id"": 103, ""name"": ""crime""}, {""id"": 104, ""name"": ""space""}, {""id"": 105, ""name"": ""spy""}]"
1197,"[{""id"": 100, ""name"": ""time travel""}, {""id"": 101, ""name"": ""supernatural""}, {""id"": 102, ""name"": ""alien""}, {""id"": 103, ""name"": ""romance""}, {""id"": 104, ""name"": ""heist""}, {""id"": 105, ""name"": ""fantasy""}, {""id"": 106, ""name"": ""action""}]"
1198,"[{""id"": 100, ""name"": ""sport""}, {""id"": 101, ""name"": ""biography""}, {""id"": 102, ""name"": ""family""}]"
1199,"[{""id"": 100, ""name"": ""horror""}, {""id"": 101, ""name"": ""heist""}, {""id"": 102, ""name"": ""action""}, {""id"": 103, ""name"": ""zombie""}]"
